{
  "Baseline GPT": {
    "n_params": 6504960,
    "sim_valid_mean": 0.40125,
    "sim_valid_std": 0.007288689868556623,
    "struct_mean": 0.86,
    "struct_std": 0.01879162047296612,
    "reward_mean": 3.366862484230107,
    "reward_std": 0.06414271592111125,
    "n_seeds": 5,
    "per_seed_sim_valid": [
      0.39375,
      0.40625,
      0.4,
      0.4125,
      0.39375
    ],
    "per_seed_reward": [
      3.274076360539417,
      3.399449947284063,
      3.311038263046297,
      3.447822065665202,
      3.4019257846155555
    ]
  },
  "Two-Head": {
    "n_params": 6811648,
    "sim_valid_mean": 0.5037499999999999,
    "sim_valid_std": 0.022220486043288957,
    "struct_mean": 0.9625,
    "struct_std": 0.010458250331675934,
    "reward_mean": 3.8909077276109523,
    "reward_std": 0.08977196503490037,
    "n_seeds": 5,
    "per_seed_sim_valid": [
      0.4875,
      0.5125,
      0.4875,
      0.4875,
      0.54375
    ],
    "per_seed_reward": [
      3.888472829221601,
      3.8229250337813725,
      3.8224948642631893,
      3.8570026147716105,
      4.063643296016987
    ]
  },
  "Graph Transformer SL": {
    "n_params": 6829296,
    "sim_valid_mean": 0.45375000000000004,
    "sim_valid_std": 0.03025929609227551,
    "struct_mean": 0.9324999999999999,
    "struct_std": 0.014469796128487797,
    "reward_mean": 3.855005155984542,
    "reward_std": 0.14597673121213378,
    "n_seeds": 5,
    "per_seed_sim_valid": [
      0.45625,
      0.5,
      0.43125,
      0.46875,
      0.4125
    ],
    "per_seed_reward": [
      3.81443824069177,
      4.062733816721019,
      3.7832553852505355,
      3.9686209078804398,
      3.6459774293789464
    ]
  },
  "GT + REINFORCE (5000)": {
    "n_params": 6504960,
    "sim_valid_mean": 0.43500000000000005,
    "sim_valid_std": 0.01224744871391589,
    "struct_mean": 0.9550000000000001,
    "struct_std": 0.012747548783981964,
    "reward_mean": 3.7361414295045123,
    "reward_std": 0.036031186217185554,
    "n_seeds": 5,
    "per_seed_sim_valid": [
      0.44375,
      0.44375,
      0.43125,
      0.4125,
      0.44375
    ],
    "per_seed_reward": [
      3.7711737868005004,
      3.7525808476627693,
      3.7660664993816946,
      3.6756253587457053,
      3.7152606549318934
    ]
  },
  "GT + GRPO (500)": {
    "n_params": 6829296,
    "sim_valid_mean": 0.53125,
    "sim_valid_std": 0.031374750995027824,
    "struct_mean": 0.9662499999999999,
    "struct_std": 0.004999999999999982,
    "reward_mean": 4.152202200650919,
    "reward_std": 0.07776473873072527,
    "n_seeds": 5,
    "per_seed_sim_valid": [
      0.5875,
      0.5375,
      0.51875,
      0.51875,
      0.49375
    ],
    "per_seed_reward": [
      4.292137294802674,
      4.0982594655137,
      4.164890117951741,
      4.139707971273421,
      4.066016153713059
    ]
  },
  "GT + GRPO (3500)": {
    "n_params": 6829296,
    "sim_valid_mean": 0.4875,
    "sim_valid_std": 0.022360679774997897,
    "struct_mean": 0.92875,
    "struct_std": 0.012869537676233743,
    "reward_mean": 3.7878057286319793,
    "reward_std": 0.054952321914950614,
    "n_seeds": 5,
    "per_seed_sim_valid": [
      0.475,
      0.53125,
      0.48125,
      0.46875,
      0.48125
    ],
    "per_seed_reward": [
      3.6967234815215435,
      3.8490584411254885,
      3.838712196457717,
      3.7881606285752865,
      3.7663738954798616
    ]
  }
}