{
  "device": "mps",
  "n_candidates_per_source": 4,
  "summary": {
    "vcg": {
      "n_topologies": 16,
      "n_generated": 64,
      "struct_valid_rate": 1.0,
      "sim_success_rate": 1.0,
      "sim_valid_rate": 0.90625,
      "mean_reward": 5.298975237666375,
      "mean_gen_time_ms": 25.64314752817154
    },
    "ccfm": {
      "n_topologies": 16,
      "n_generated": 64,
      "struct_valid_rate": 1.0,
      "sim_success_rate": 1.0,
      "sim_valid_rate": 0.90625,
      "mean_reward": 5.020859223852344,
      "mean_gen_time_ms": 111.48140951991081
    },
    "hybrid": {
      "n_topologies": 16,
      "n_generated": 16,
      "struct_valid_rate": 1.0,
      "sim_success_rate": 1.0,
      "sim_valid_rate": 1.0,
      "mean_reward": 6.225491320537923,
      "mean_gen_time_ms": 25.037270039319992
    }
  },
  "per_topology": {
    "vcg": {
      "buck": {
        "topology": "buck",
        "n_generated": 4,
        "n_struct_valid": 4,
        "n_sim_success": 4,
        "n_sim_valid": 4,
        "mean_reward": 4.918710052411181,
        "mean_efficiency": 0.7111363340116117,
        "mean_vout_error": 15.448775577744039,
        "gen_time_ms": 808.441162109375
      },
      "boost": {
        "topology": "boost",
        "n_generated": 4,
        "n_struct_valid": 4,
        "n_sim_success": 4,
        "n_sim_valid": 4,
        "mean_reward": 5.292277869945752,
        "mean_efficiency": 0.3452800277063788,
        "mean_vout_error": 3.8912884176347102,
        "gen_time_ms": 49.80778694152832
      },
      "buck_boost": {
        "topology": "buck_boost",
        "n_generated": 4,
        "n_struct_valid": 4,
        "n_sim_success": 4,
        "n_sim_valid": 4,
        "mean_reward": 3.8156315235364886,
        "mean_efficiency": 0.4786410000301599,
        "mean_vout_error": 18.527456417300932,
        "gen_time_ms": 30.472278594970703
      },
      "cuk": {
        "topology": "cuk",
        "n_generated": 4,
        "n_struct_valid": 4,
        "n_sim_success": 4,
        "n_sim_valid": 2,
        "mean_reward": 3.6987181078746842,
        "mean_efficiency": 0.720134832365877,
        "mean_vout_error": 47.900189096390804,
        "gen_time_ms": 67.6720142364502
      },
      "sepic": {
        "topology": "sepic",
        "n_generated": 4,
        "n_struct_valid": 4,
        "n_sim_success": 4,
        "n_sim_valid": 3,
        "mean_reward": 4.0372670164992135,
        "mean_efficiency": 0.6303421621321184,
        "mean_vout_error": 41.65362341782473,
        "gen_time_ms": 47.55210876464844
      },
      "flyback": {
        "topology": "flyback",
        "n_generated": 4,
        "n_struct_valid": 4,
        "n_sim_success": 4,
        "n_sim_valid": 2,
        "mean_reward": 3.6684960203936865,
        "mean_efficiency": 0.3333383295122724,
        "mean_vout_error": 46.198965951972376,
        "gen_time_ms": 43.75600814819336
      },
      "forward": {
        "topology": "forward",
        "n_generated": 4,
        "n_struct_valid": 4,
        "n_sim_success": 4,
        "n_sim_valid": 4,
        "mean_reward": 3.1654750703343257,
        "mean_efficiency": 0.0399319048735773,
        "mean_vout_error": 23.035612831323284,
        "gen_time_ms": 40.47513008117676
      },
      "inverting_amp": {
        "topology": "inverting_amp",
        "n_generated": 4,
        "n_struct_valid": 4,
        "n_sim_success": 4,
        "n_sim_valid": 4,
        "mean_reward": 6.59500025,
        "mean_efficiency": 0.0,
        "mean_vout_error": 100.0,
        "gen_time_ms": 37.88590431213379
      },
      "noninverting_amp": {
        "topology": "noninverting_amp",
        "n_generated": 4,
        "n_struct_valid": 4,
        "n_sim_success": 4,
        "n_sim_valid": 4,
        "mean_reward": 5.580608000000001,
        "mean_efficiency": 0.0,
        "mean_vout_error": 100.0,
        "gen_time_ms": 18.750905990600586
      },
      "instrumentation_amp": {
        "topology": "instrumentation_amp",
        "n_generated": 4,
        "n_struct_valid": 4,
        "n_sim_success": 4,
        "n_sim_valid": 4,
        "mean_reward": 5.609766891666666,
        "mean_efficiency": 0.0,
        "mean_vout_error": 100.0,
        "gen_time_ms": 102.48994827270508
      },
      "differential_amp": {
        "topology": "differential_amp",
        "n_generated": 4,
        "n_struct_valid": 4,
        "n_sim_success": 4,
        "n_sim_valid": 4,
        "mean_reward": 6.151653,
        "mean_efficiency": 0.0,
        "mean_vout_error": 100.0,
        "gen_time_ms": 18.7530517578125
      },
      "sallen_key_lowpass": {
        "topology": "sallen_key_lowpass",
        "n_generated": 4,
        "n_struct_valid": 4,
        "n_sim_success": 4,
        "n_sim_valid": 4,
        "mean_reward": 8.0,
        "mean_efficiency": 0.0,
        "mean_vout_error": 100.0,
        "gen_time_ms": 28.305768966674805
      },
      "sallen_key_highpass": {
        "topology": "sallen_key_highpass",
        "n_generated": 4,
        "n_struct_valid": 4,
        "n_sim_success": 4,
        "n_sim_valid": 4,
        "mean_reward": 7.0,
        "mean_efficiency": 0.0,
        "mean_vout_error": 100.0,
        "gen_time_ms": 18.21112632751465
      },
      "sallen_key_bandpass": {
        "topology": "sallen_key_bandpass",
        "n_generated": 4,
        "n_struct_valid": 4,
        "n_sim_success": 4,
        "n_sim_valid": 4,
        "mean_reward": 8.0,
        "mean_efficiency": 0.0,
        "mean_vout_error": 100.0,
        "gen_time_ms": 91.6292667388916
      },
      "wien_bridge": {
        "topology": "wien_bridge",
        "n_generated": 4,
        "n_struct_valid": 4,
        "n_sim_success": 4,
        "n_sim_valid": 4,
        "mean_reward": 5.0,
        "mean_efficiency": 0.0,
        "mean_vout_error": 100.0,
        "gen_time_ms": 135.37907600402832
      },
      "colpitts": {
        "topology": "colpitts",
        "n_generated": 4,
        "n_struct_valid": 4,
        "n_sim_success": 4,
        "n_sim_valid": 3,
        "mean_reward": 4.25,
        "mean_efficiency": 0.0,
        "mean_vout_error": 100.0,
        "gen_time_ms": 101.57990455627441
      }
    },
    "ccfm": {
      "buck": {
        "topology": "buck",
        "n_generated": 4,
        "n_struct_valid": 4,
        "n_sim_success": 4,
        "n_sim_valid": 4,
        "mean_reward": 3.620279250033422,
        "mean_efficiency": 0.4871983788128533,
        "mean_vout_error": 23.482789798844745,
        "gen_time_ms": 624.5291233062744
      },
      "boost": {
        "topology": "boost",
        "n_generated": 4,
        "n_struct_valid": 4,
        "n_sim_success": 4,
        "n_sim_valid": 4,
        "mean_reward": 3.6758751112997725,
        "mean_efficiency": 0.2843826103978543,
        "mean_vout_error": 17.527028225964713,
        "gen_time_ms": 384.07397270202637
      },
      "buck_boost": {
        "topology": "buck_boost",
        "n_generated": 4,
        "n_struct_valid": 4,
        "n_sim_success": 4,
        "n_sim_valid": 3,
        "mean_reward": 3.851823396994642,
        "mean_efficiency": 0.416668228418303,
        "mean_vout_error": 20.407711282109556,
        "gen_time_ms": 381.13999366760254
      },
      "cuk": {
        "topology": "cuk",
        "n_generated": 4,
        "n_struct_valid": 4,
        "n_sim_success": 4,
        "n_sim_valid": 2,
        "mean_reward": 2.97002645323607,
        "mean_efficiency": 0.2519300349406937,
        "mean_vout_error": 37.86232648252876,
        "gen_time_ms": 406.0640335083008
      },
      "sepic": {
        "topology": "sepic",
        "n_generated": 4,
        "n_struct_valid": 4,
        "n_sim_success": 4,
        "n_sim_valid": 3,
        "mean_reward": 4.969401451129498,
        "mean_efficiency": 0.6658472105644092,
        "mean_vout_error": 32.80112354362579,
        "gen_time_ms": 391.91603660583496
      },
      "flyback": {
        "topology": "flyback",
        "n_generated": 4,