{
  "device": "mps",
  "n_candidates_per_source": 2,
  "summary": {
    "vcg": {
      "n_topologies": 16,
      "n_generated": 32,
      "struct_valid_rate": 1.0,
      "sim_success_rate": 1.0,
      "sim_valid_rate": 0.84375,
      "mean_reward": 4.978750335412543,
      "mean_gen_time_ms": 39.47161138057709
    },
    "ccfm": {
      "n_topologies": 16,
      "n_generated": 32,
      "struct_valid_rate": 1.0,
      "sim_success_rate": 1.0,
      "sim_valid_rate": 0.9375,
      "mean_reward": 4.938713287983152,
      "mean_gen_time_ms": 431.83157593011856
    },
    "hybrid": {
      "n_topologies": 16,
      "n_generated": 16,
      "struct_valid_rate": 1.0,
      "sim_success_rate": 1.0,
      "sim_valid_rate": 1.0,
      "mean_reward": 5.795315708619215,
      "mean_gen_time_ms": 65.48115611076355
    }
  },
  "per_topology": {
    "vcg": {
      "buck": {
        "topology": "buck",
        "n_generated": 2,
        "n_struct_valid": 2,
        "n_sim_success": 2,
        "n_sim_valid": 1,
        "mean_reward": 4.316899175169289,
        "mean_efficiency": 0.5339372970487004,
        "mean_vout_error": 28.701237185556444,
        "gen_time_ms": 718.9772129058838
      },
      "boost": {
        "topology": "boost",
        "n_generated": 2,
        "n_struct_valid": 2,
        "n_sim_success": 2,
        "n_sim_valid": 2,
        "mean_reward": 3.3075369025081547,
        "mean_efficiency": 0.2938976447188032,
        "mean_vout_error": 17.81458195104092,
        "gen_time_ms": 18.583059310913086
      },
      "buck_boost": {
        "topology": "buck_boost",
        "n_generated": 2,
        "n_struct_valid": 2,
        "n_sim_success": 2,
        "n_sim_valid": 2,
        "mean_reward": 2.873064424322905,
        "mean_efficiency": 0.39331800456559224,
        "mean_vout_error": 23.165200971562506,
        "gen_time_ms": 17.144203186035156
      },
      "cuk": {
        "topology": "cuk",
        "n_generated": 2,
        "n_struct_valid": 2,
        "n_sim_success": 2,
        "n_sim_valid": 0,
        "mean_reward": 4.382119818145249,
        "mean_efficiency": 0.7324406310534215,
        "mean_vout_error": 110.75430565393378,
        "gen_time_ms": 59.844017028808594
      },
      "sepic": {
        "topology": "sepic",
        "n_generated": 2,
        "n_struct_valid": 2,
        "n_sim_success": 2,
        "n_sim_valid": 2,
        "mean_reward": 4.313049577469863,
        "mean_efficiency": 0.8273056853585112,
        "mean_vout_error": 13.671793746888634,
        "gen_time_ms": 20.910978317260742
      },
      "flyback": {
        "topology": "flyback",
        "n_generated": 2,
        "n_struct_valid": 2,
        "n_sim_success": 2,
        "n_sim_valid": 2,
        "mean_reward": 3.5783214230130933,
        "mean_efficiency": 0.5883795518090087,
        "mean_vout_error": 42.67151655710515,
        "gen_time_ms": 17.9901123046875
      },
      "forward": {
        "topology": "forward",
        "n_generated": 2,
        "n_struct_valid": 2,
        "n_sim_success": 2,
        "n_sim_valid": 2,
        "mean_reward": 3.0492014459721353,
        "mean_efficiency": 0.02299590538791705,
        "mean_vout_error": 23.58997149594131,
        "gen_time_ms": 25.417089462280273
      },
      "inverting_amp": {
        "topology": "inverting_amp",
        "n_generated": 2,
        "n_struct_valid": 2,
        "n_sim_success": 2,
        "n_sim_valid": 2,
        "mean_reward": 6.706000166666667,
        "mean_efficiency": 0.0,
        "mean_vout_error": 100.0,
        "gen_time_ms": 37.842750549316406
      },
      "noninverting_amp": {
        "topology": "noninverting_amp",
        "n_generated": 2,
        "n_struct_valid": 2,
        "n_sim_success": 2,
        "n_sim_valid": 2,
        "mean_reward": 5.371166833333334,
        "mean_efficiency": 0.0,
        "mean_vout_error": 100.0,
        "gen_time_ms": 13.895988464355469
      },
      "instrumentation_amp": {
        "topology": "instrumentation_amp",
        "n_generated": 2,
        "n_struct_valid": 2,
        "n_sim_success": 2,
        "n_sim_valid": 2,
        "mean_reward": 5.455331933333333,
        "mean_efficiency": 0.0,
        "mean_vout_error": 100.0,
        "gen_time_ms": 77.50082015991211
      },
      "differential_amp": {
        "topology": "differential_amp",
        "n_generated": 2,
        "n_struct_valid": 2,
        "n_sim_success": 2,
        "n_sim_valid": 2,
        "mean_reward": 6.307313666666667,
        "mean_efficiency": 0.0,
        "mean_vout_error": 100.0,
        "gen_time_ms": 20.418882369995117
      },
      "sallen_key_lowpass": {
        "topology": "sallen_key_lowpass",
        "n_generated": 2,
        "n_struct_valid": 2,
        "n_sim_success": 2,
        "n_sim_valid": 2,
        "mean_reward": 8.0,
        "mean_efficiency": 0.0,
        "mean_vout_error": 100.0,
        "gen_time_ms": 18.835067749023438
      },
      "sallen_key_highpass": {
        "topology": "sallen_key_highpass",
        "n_generated": 2,
        "n_struct_valid": 2,
        "n_sim_success": 2,
        "n_sim_valid": 2,
        "mean_reward": 7.0,
        "mean_efficiency": 0.0,
        "mean_vout_error": 100.0,
        "gen_time_ms": 22.61519432067871
      },
      "sallen_key_bandpass": {
        "topology": "sallen_key_bandpass",
        "n_generated": 2,
        "n_struct_valid": 2,
        "n_sim_success": 2,
        "n_sim_valid": 2,
        "mean_reward": 8.0,
        "mean_efficiency": 0.0,
        "mean_vout_error": 100.0,
        "gen_time_ms": 37.28795051574707
      },
      "wien_bridge": {
        "topology": "wien_bridge",
        "n_generated": 2,
        "n_struct_valid": 2,
        "n_sim_success": 2,
        "n_sim_valid": 1,
        "mean_reward": 3.5,
        "mean_efficiency": 0.0,
        "mean_vout_error": 100.0,
        "gen_time_ms": 88.0889892578125
      },
      "colpitts": {
        "topology": "colpitts",
        "n_generated": 2,
        "n_struct_valid": 2,
        "n_sim_success": 2,
        "n_sim_valid": 1,
        "mean_reward": 3.5,
        "mean_efficiency": 0.0,
        "mean_vout_error": 100.0,
        "gen_time_ms": 67.73924827575684
      }
    },
    "ccfm": {
      "buck": {
        "topology": "buck",
        "n_generated": 2,
        "n_struct_valid": 2,
        "n_sim_success": 2,
        "n_sim_valid": 2,
        "mean_reward": 3.6753415815957373,
        "mean_efficiency": 0.473279332310758,
        "mean_vout_error": 13.868991051745699,
        "gen_time_ms": 471.77696228027344
      },
      "boost": {
        "topology": "boost",
        "n_generated": 2,
        "n_struct_valid": 2,
        "n_sim_success": 2,
        "n_sim_valid": 2,
        "mean_reward": 3.570639116639914,
        "mean_efficiency": 0.23756373356108668,
        "mean_vout_error": 15.292944356502709,
        "gen_time_ms": 292.5269603729248
      },
      "buck_boost": {
        "topology": "buck_boost",
        "n_generated": 2,
        "n_struct_valid": 2,
        "n_sim_success": 2,
        "n_sim_valid": 2,
        "mean_reward": 2.398346722106684,
        "mean_efficiency": 0.1366616346285807,
        "mean_vout_error": 20.362117592537537,
        "gen_time_ms": 390.6700611114502
      },
      "cuk": {
        "topology": "cuk",
        "n_generated": 2,
        "n_struct_valid": 2,
        "n_sim_success": 2,
        "n_sim_valid": 1,
        "mean_reward": 3.1184531596711675,
        "mean_efficiency": 0.3219608265076437,
        "mean_vout_error": 57.18372026808894,
        "gen_time_ms": 355.21531105041504
      },
      "sepic": {
        "topology": "sepic",
        "n_generated": 2,
        "n_struct_valid": 2,
        "n_sim_success": 2,
        "n_sim_valid": 2,
        "mean_reward": 3.8075698232003603,
        "mean_efficiency": 0.5903191715850932,
        "mean_vout_error": 22.98018537769517,
        "gen_time_ms": 357.1350574493408
      },
      "flyback": {
        "topology": "flyback",