{
  "run_prefix": "stageB",
  "seeds": [
    41,
    42,
    43,
    44,
    45
  ],
  "per_seed_files": [
    "results/topology_training_sweep_stageB_seed41_eval.json",
    "results/topology_training_sweep_stageB_seed42_eval.json",
    "results/topology_training_sweep_stageB_seed43_eval.json",
    "results/topology_training_sweep_stageB_seed44_eval.json",
    "results/topology_training_sweep_stageB_seed45_eval.json"
  ],
  "summary": [
    {
      "name": "GraphTransformer + Family MoE",
      "n_runs": 5,
      "sim_valid_mean": 0.5916666666666667,
      "sim_valid_std": 0.06353312784157043,
      "reward_mean": 3.951982792343948,
      "reward_std": 0.32436706972631796,
      "struct_mean": 0.8166666666666667,
      "struct_std": 0.055901699437494755
    },
    {
      "name": "GraphTransformer + Topology Value Heads",
      "n_runs": 5,
      "sim_valid_mean": 0.6458333333333333,
      "sim_valid_std": 0.05892556509887897,
      "reward_mean": 4.138940298838083,
      "reward_std": 0.3473731629025903,
      "struct_mean": 0.8458333333333334,
      "struct_std": 0.0315953143502148
    },
    {
      "name": "GraphTransformer Baseline",
      "n_runs": 5,
      "sim_valid_mean": 0.6416666666666666,
      "sim_valid_std": 0.07711148134717397,
      "reward_mean": 4.271402503180198,
      "reward_std": 0.28500395155646707,
      "struct_mean": 0.875,
      "struct_std": 0.0488584974981607
    }
  ],
  "delta_vs_baseline": [
    {
      "name": "GraphTransformer + Family MoE",
      "sim_valid_delta": -0.04999999999999993,
      "reward_delta": -0.3194197108362502,
      "struct_delta": -0.05833333333333335
    },
    {
      "name": "GraphTransformer + Topology Value Heads",
      "sim_valid_delta": 0.004166666666666652,
      "reward_delta": -0.1324622043421151,
      "struct_delta": -0.029166666666666563
    }
  ]
}