{
  "no_refinement": {
    "avg_reward": 5.613431907301783,
    "per_topology": {
      "buck": 5.730642980290827,
      "boost": 5.291062020053588,
      "buck_boost": 5.138123920291164,
      "cuk": 3.7769307742223206,
      "sepic": 5.255061737313356,
      "flyback": 3.8467808177341936,
      "forward": 4.3533049478050945,
      "inverting_amp": 5.6386659166666675,
      "noninverting_amp": 5.561332222222222,
      "instrumentation_amp": 5.760769,
      "differential_amp": 5.779768422222222,
      "sallen_key_lowpass": 8.0,
      "sallen_key_highpass": 7.0,
      "sallen_key_bandpass": 8.0,
      "wien_bridge": 4.0,
      "colpitts": 5.0,
      "common_emitter": 7.015004555555556,
      "common_collector": 6.6693692222222225,
      "common_base": 6.2676324,
      "cascode": 7.007699222222222,
      "current_mirror": 8.0,
      "twin_t_notch": 7.0,
      "state_variable_filter": 6.0,
      "hartley": 6.333333333333333,
      "phase_shift": 3.0,
      "shunt_regulator": 5.833027450980392,
      "series_regulator": 3.6666666666666656,
      "inverting_summing_amp": 5.580876433333334,
      "transimpedance_amp": 6.538289533333334,
      "half_bridge": 3.6526517696098963,
      "push_pull": 4.041358941109711,
      "charge_pump": 4.792760508673415,
      "voltage_doubler": 6.725318461131145,
      "zeta_converter": 4.600253591267808
    }
  },
  "with_refinement": {
    "avg_reward": 5.777505763894611,
    "per_topology": {
      "buck": 6.032192591943622,
      "boost": 5.900441595626401,
      "buck_boost": 4.571437796117794,
      "cuk": 3.955719364579279,
      "sepic": 3.9189124727147218,
      "flyback": 4.199523893747789,
      "forward": 3.5529926257206625,
      "inverting_amp": 6.0760004444444435,
      "noninverting_amp": 5.4822846,
      "instrumentation_amp": 6.014515,
      "differential_amp": 6.4662091111111115,
      "sallen_key_lowpass": 8.0,
      "sallen_key_highpass": 7.0,
      "sallen_key_bandpass": 8.0,
      "wien_bridge": 5.0,
      "colpitts": 5.0,
      "common_emitter": 6.709969777777778,
      "common_collector": 6.002600444444444,
      "common_base": 6.651807111111111,
      "cascode": 6.646430666666666,
      "current_mirror": 8.0,
      "twin_t_notch": 6.0,
      "state_variable_filter": 7.666666666666667,
      "hartley": 6.333333333333333,
      "phase_shift": 3.0,
      "shunt_regulator": 5.641119607843135,
      "series_regulator": 4.999999999997981,
      "inverting_summing_amp": 6.313923333333332,
      "transimpedance_amp": 7.794668111111111,
      "half_bridge": 3.727323599755831,
      "push_pull": 5.0504820153345165,
      "charge_pump": 5.672480750586772,
      "voltage_doubler": 6.657053792864126,
      "zeta_converter": 4.3971072655841335
    }
  },
  "improvement": 0.16407385659282792
}